{
  "test/integration/pages/RisksObjectPage.js.map": 1732683742531,
  "manifest.json": 1732680957674,
  "test/integration/pages/RisksList.js": 1732678677166,
  "test/integration/opaTests.qunit.js": 1732678677114,
  "test/integration/FirstJourney.js": 1732678677186,
  "test/testsuite.qunit.js": 1732678677066,
  "xs-app.json": 1732683734980,
  "test/integration/pages/RisksObjectPage.js": 1732678677170,
  "Component.js": 1732678676930,
  "Component-dbg.js": 1732678676930,
  "Component.js.map": 1732683742558,
  "test/integration/opaTests.qunit-dbg.js": 1732678677114,
  "test/integration/opaTests.qunit.js.map": 1732683742526,
  "test/integration/FirstJourney-dbg.js": 1732678677186,
  "test/integration/FirstJourney.js.map": 1732683742524,
  "test/testsuite.qunit-dbg.js": 1732678677066,
  "test/testsuite.qunit.js.map": 1732683742524,
  "test/integration/pages/RisksObjectPage-dbg.js": 1732678677170,
  "i18n/i18n.properties": 1732678709862,
  "test/integration/pages/RisksList-dbg.js": 1732678677166,
  "test/integration/pages/RisksList.js.map": 1732683742531,
  "Component-preload.js": 1732683742658,
  "Component-preload.js.map": 1732683742658,
  "test/integration/opaTests.qunit.html": 1732678677114,
  "test/testsuite.qunit.html": 1732678677030,
  "test/flpSandbox.html": 1732678677018,
  "index.html": 1732678676930
}