{
  "Component-preload.js.map": 1732701248436,
  "test/integration/opaTests.qunit.js": 1732688013683,
  "test/integration/pages/RisksList.js": 1732688013683,
  "test/integration/pages/RisksObjectPage.js": 1732688013683,
  "test/integration/FirstJourney.js": 1732688013683,
  "test/testsuite.qunit.js": 1732688013683,
  "xs-app.json": 1732701238111,
  "manifest.json": 1732688013683,
  "Component.js": 1732688013683,
  "test/integration/pages/RisksList-dbg.js": 1732688013683,
  "test/integration/pages/RisksList.js.map": 1732701248228,
  "test/integration/opaTests.qunit-dbg.js": 1732688013683,
  "test/integration/opaTests.qunit.js.map": 1732701248224,
  "test/integration/pages/RisksObjectPage-dbg.js": 1732688013683,
  "test/integration/pages/RisksObjectPage.js.map": 1732701248224,
  "test/integration/FirstJourney-dbg.js": 1732688013683,
  "test/integration/FirstJourney.js.map": 1732701248230,
  "test/testsuite.qunit-dbg.js": 1732688013683,
  "test/testsuite.qunit.js.map": 1732701248227,
  "Component-dbg.js": 1732688013683,
  "Component.js.map": 1732701248226,
  "Component-preload.js": 1732701248436,
  "i18n/i18n.properties": 1732688013683,
  "test/integration/opaTests.qunit.html": 1732688013683,
  "test/testsuite.qunit.html": 1732688013683,
  "test/flpSandbox.html": 1732688013683,
  "index.html": 1732688013683
}